"player_name","Pos","Tm","Age","G","GS","MP","FG","FGA","FGp","x3P","x3PA","x3Pp","x2P","x2PA","x2Pp","eFGp","FT","FTA","FTp","ORB","DRB","TRB","AST","STL","BLK","TOV","PF","PTS","GSp","AST_to_TOV_ratio","FG_miss","FT_miss","EFF","MP_per_game","ORB_per_game","DRB_per_game","TRB_per_game","AST_per_game","STL_per_game","BLK_per_game","TOV_per_game","PTS_per_game","salary","dollars_per_EFF","dollars_per_PTS_per_game","Starter"
"1","Aaron Gordon","PF","ORL",23,78,78,2633,470,1046,0.449,121,347,0.349,349,699,0.499,0.507,185,253,0.731,129,445,574,289,57,56,162,172,1246,1,1.784,576,68,18.154,33.756,1.654,5.705,7.359,3.705,0.731,0.718,2.077,15.974,21590909,1189329.733,1351597.835,"Starter"
"2","Al Horford","C","BOS",32,68,68,1973,387,723,0.535,73,203,0.36,314,520,0.604,0.586,78,95,0.821,120,338,458,283,59,86,102,126,925,1,2.775,336,17,19.941,29.015,1.765,4.971,6.735,4.162,0.868,1.265,1.5,13.603,28928710,1450702.271,2126651.114,"Starter"
"3","Al-Farouq Aminu","PF","POR",28,81,81,2292,257,593,0.433,96,280,0.343,161,313,0.514,0.514,150,173,0.867,112,498,610,104,68,33,72,143,760,1,1.444,336,23,14.123,28.296,1.383,6.148,7.531,1.284,0.84,0.407,0.889,9.383,6957105,492592.225,741480.928,"Starter"
"4","Andre Drummond","C","DET",25,79,79,2647,561,1052,0.533,5,38,0.132,556,1014,0.548,0.536,243,412,0.59,423,809,1232,112,136,138,175,272,1370,1,0.64,491,169,27.253,33.506,5.354,10.241,15.595,1.418,1.722,1.747,2.215,17.342,25434262,933259.033,1466647.225,"Starter"
"5","Andrew Wiggins","SF","MIN",23,73,73,2543,498,1209,0.412,118,348,0.339,380,861,0.441,0.461,207,296,0.699,83,269,352,184,70,48,138,153,1321,1,1.333,711,89,14.205,34.836,1.137,3.685,4.822,2.521,0.959,0.658,1.89,18.096,25467250,1792776.519,1407349.924,"Starter"
"6","Anthony Davis","C","NOP",25,56,56,1850,530,1026,0.517,48,145,0.331,482,881,0.547,0.54,344,433,0.794,174,498,672,218,88,135,112,132,1452,1,1.946,496,89,33.357,33.036,3.107,8.893,12,3.893,1.571,2.411,2,25.929,25434263,762483.259,980935.763,"Starter"
"7","Avery Bradley","SG_SG","MEM_LAC",28,63,63,1905,248,608,0.846,86,245,0.721,162,363,0.928,0.989,43,50,1.72,43,132,175,152,41,16,89,167,625,1,1.708,360,7,8.778,30.238,0.683,2.095,2.778,2.413,0.651,0.254,1.413,9.921,1.2e+07,1367088.608,1209600,"Starter"
"8","Ben Simmons","PG","PHI",22,79,79,2700,540,960,0.563,0,6,0,540,954,0.566,0.563,257,428,0.6,172,525,697,610,112,61,274,209,1337,1,2.226,420,171,24.709,34.177,2.177,6.646,8.823,7.722,1.418,0.772,3.468,16.924,6434520,260413.463,380199.761,"Starter"
"9","Blake Griffin","PF","DET",29,75,75,2622,619,1341,0.462,189,522,0.362,430,819,0.525,0.532,414,550,0.753,100,465,565,402,52,28,253,199,1841,1,1.589,722,136,23.693,34.96,1.333,6.2,7.533,5.36,0.693,0.373,3.373,24.547,31873932,1345270.062,1298503.476,"Starter"
"10","Bojan Bogdanovic","SF","IND",29,81,81,2573,522,1051,0.497,164,386,0.425,358,665,0.538,0.575,246,305,0.807,33,300,333,161,69,1,134,138,1454,1,1.201,529,59,16,31.765,0.407,3.704,4.111,1.988,0.852,0.012,1.654,17.951,10500000,656250,584938.102,"Starter"
"11","Bradley Beal","SG","WAS",25,82,82,3028,764,1609,0.475,209,596,0.351,555,1013,0.548,0.54,362,448,0.808,89,322,411,448,121,58,224,226,2099,1,2,845,86,24.171,36.927,1.085,3.927,5.012,5.463,1.476,0.707,2.732,25.598,25434262,1052275.219,993620.526,"Starter"
"12","Brandon Ingram","SF","LAL",21,52,52,1760,362,729,0.497,31,94,0.33,331,635,0.521,0.518,195,289,0.675,41,226,267,154,28,31,129,149,950,1,1.194,367,94,16.154,33.846,0.788,4.346,5.135,2.962,0.538,0.596,2.481,18.269,5757120,356393.143,315126.568,"Starter"
"13","Brook Lopez","C","MIL",30,81,81,2322,355,786,0.452,187,512,0.365,168,274,0.613,0.571,112,133,0.842,33,363,396,98,51,179,82,189,1009,1,1.195,431,21,14.802,28.667,0.407,4.481,4.889,1.21,0.63,2.21,1.012,12.457,3382000,228475.396,271498.513,"Starter"
"14","Bruce Brown","SG","DET",22,74,56,1449,125,314,0.398,24,93,0.258,101,221,0.457,0.436,45,60,0.75,48,137,185,91,40,36,46,178,319,0.757,1.978,189,15,5.689,19.581,0.649,1.851,2.5,1.23,0.541,0.486,0.622,4.311,838464,147378.47,194502.621,"Starter"
"15","Bryn Forbes","SG","SAS",25,82,81,2293,361,791,0.456,176,413,0.426,185,378,0.489,0.568,69,78,0.885,18,221,239,175,45,4,80,159,967,0.988,2.188,430,9,11.11,27.963,0.22,2.695,2.915,2.134,0.549,0.049,0.976,11.793,3125000,281284.303,264994.829,"Starter"
"16","Buddy Hield","SG","SAC",26,82,82,2615,623,1360,0.458,278,651,0.427,345,709,0.487,0.56,171,193,0.886,106,306,412,205,58,33,146,202,1695,1,1.404,737,22,18.268,31.89,1.293,3.732,5.024,2.5,0.707,0.402,1.78,20.671,3833760,209858.692,185468.035,"Starter"
"17","Cedi Osman","SF","CLE",23,76,75,2444,360,844,0.427,130,374,0.348,230,470,0.489,0.504,141,181,0.779,45,312,357,195,60,11,114,195,991,0.987,1.711,484,40,12.842,32.158,0.592,4.105,4.697,2.566,0.789,0.145,1.5,13.039,2775000,216086.066,212815.338,"Starter"
"18","Chris Paul","PG","HOU",33,58,58,1857,302,720,0.419,127,355,0.358,175,365,0.479,0.508,175,203,0.862,36,229,265,473,114,18,152,146,906,1,3.112,418,28,20.31,32.017,0.621,3.948,4.569,8.155,1.966,0.31,2.621,15.621,35654150,1755467.487,2282495.254,"Starter"
"19","CJ McCollum","SG","POR",27,70,70,2375,571,1243,0.459,167,445,0.375,404,798,0.506,0.527,159,192,0.828,62,220,282,207,55,28,106,172,1468,1,1.953,672,33,17.557,33.929,0.886,3.143,4.029,2.957,0.786,0.4,1.514,20.971,25759766,1467195.785,1228326.717,"Starter"
"20","Clint Capela","C","HOU",24,67,67,2249,474,732,0.648,0,0,NA,474,732,0.648,0.648,166,261,0.636,298,550,848,96,44,102,94,168,1114,1,1.021,258,95,26.224,33.567,4.448,8.209,12.657,1.433,0.657,1.522,1.403,16.627,15793104,602241.302,949854.549,"Starter"
"21","Cody Zeller","C","CHO",26,49,47,1243,190,345,0.551,6,22,0.273,184,323,0.57,0.559,111,141,0.787,110,223,333,102,38,41,62,164,497,0.959,1.645,155,30,15.592,25.367,2.245,4.551,6.796,2.082,0.776,0.837,1.265,10.143,13528090,867639.28,1333755.352,"Starter"
"22","Collin Sexton","PG","CLE",20,82,72,2605,519,1206,0.43,119,296,0.402,400,910,0.44,0.48,214,255,0.839,57,179,236,243,44,6,185,186,1371,0.878,1.314,687,41,12.037,31.768,0.695,2.183,2.878,2.963,0.537,0.073,2.256,16.72,4073760,338448.146,243653.042,"Starter"
"23","D'Angelo Russell","PG","BRK",22,81,81,2448,659,1517,0.434,234,635,0.369,425,882,0.482,0.512,160,205,0.78,53,262,315,563,100,20,253,141,1712,1,2.225,858,45,19.185,30.222,0.654,3.235,3.889,6.951,1.235,0.247,3.123,21.136,7019698,365891.595,332123.562,"Starter"
"24","Damian Jones","C","GSW",23,24,22,410,53,74,0.716,0,0,NA,53,74,0.716,0.716,24,37,0.649,31,44,75,28,12,25,16,63,130,0.917,1.75,21,13,9.167,17.083,1.292,1.833,3.125,1.167,0.5,1.042,0.667,5.417,1544951,168540.109,285221.723,"Starter"
"25","Damian Lillard","PG","POR",28,80,80,2838,681,1533,0.444,237,643,0.369,444,890,0.499,0.522,468,513,0.912,68,303,371,551,88,34,212,148,2067,1,2.599,852,45,25.025,35.475,0.85,3.788,4.638,6.888,1.1,0.425,2.65,25.837,27977689,1117989.57,1082832.666,"Starter"
"26","Danilo Gallinari","SF","LAC",30,68,68,2059,409,884,0.463,161,372,0.433,248,512,0.484,0.554,367,406,0.904,54,363,417,178,49,23,99,129,1346,1,1.798,475,39,20.588,30.279,0.794,5.338,6.132,2.618,0.721,0.338,1.456,19.794,21587579,1048539.551,1090605.774,"Starter"
"27","Danny Green","SG","TOR",31,80,80,2216,293,630,0.465,198,435,0.455,95,195,0.487,0.622,37,44,0.841,60,257,317,126,73,53,75,171,821,1,1.68,337,7,12.137,27.7,0.75,3.212,3.962,1.575,0.912,0.662,0.938,10.262,1e+07,823892.894,974421.437,"Starter"
"28","Darren Collison","PG","IND",31,76,76,2143,308,659,0.467,79,194,0.407,229,465,0.492,0.527,158,190,0.832,36,196,232,459,110,9,125,138,853,1,3.672,351,32,15.197,28.197,0.474,2.579,3.053,6.039,1.447,0.118,1.645,11.224,1e+07,658008.658,890973.036,"Starter"
"29","De'Aaron Fox","PG","SAC",21,81,81,2546,505,1102,0.458,86,232,0.371,419,870,0.482,0.497,303,417,0.727,43,261,304,590,133,45,227,204,1399,1,2.599,597,114,18.926,31.432,0.531,3.222,3.753,7.284,1.642,0.556,2.802,17.272,5470920,289070.137,316758.056,"Starter"
"30","Deandre Ayton","C","PHO",20,71,70,2183,509,870,0.585,0,4,0,509,866,0.588,0.585,141,189,0.746,223,506,729,125,61,67,126,209,1159,0.986,0.992,361,48,22.62,30.746,3.141,7.127,10.268,1.761,0.859,0.944,1.775,16.324,8175840,361447.472,500849.56,"Starter"
"31","DeAndre Jordan","C_C","NYK_DAL",30,69,69,2047,286,446,1.278,0,0,NA,286,446,1.278,1.278,186,264,1.455,225,677,902,156,42,73,153,167,758,1,1.02,160,78,22.319,29.667,3.261,9.812,13.072,2.261,0.609,1.058,2.217,10.986,22897200,1025913.506,2084309.763,"Starter"
"32","DeMar DeRozan","SG","SAS",29,77,77,2688,631,1313,0.481,7,45,0.156,624,1268,0.492,0.483,366,441,0.83,54,408,462,475,86,36,199,177,1635,1,2.387,682,75,22.571,34.909,0.701,5.299,6,6.169,1.117,0.468,2.584,21.234,27739975,1228986.234,1306408.609,"Starter"
"33","DeMarcus Cousins","C","GSW",28,30,30,771,178,371,0.48,26,95,0.274,152,276,0.551,0.515,106,144,0.736,43,204,247,107,40,44,72,109,488,1,1.486,193,38,20.767,25.7,1.433,6.8,8.233,3.567,1.333,1.467,2.4,16.267,5337000,256998.395,328094.262,"Starter"
"34","Dennis Smith","PG_PG","NYK_DAL",21,53,50,1508,278,650,0.853,67,208,0.633,211,442,0.953,0.954,99,156,1.263,32,123,155,252,67,20,154,129,722,0.943,1.636,372,57,11.943,28.453,0.604,2.321,2.925,4.755,1.264,0.377,2.906,13.623,3819960,319838.673,280412.576,"Starter"
"35","Derrick Favors","C","UTA",27,76,70,1766,363,619,0.586,17,78,0.218,346,541,0.64,0.6,154,228,0.675,207,353,560,89,56,106,84,163,897,0.921,1.06,256,74,17.026,23.237,2.724,4.645,7.368,1.171,0.737,1.395,1.105,11.803,16900000,992581.144,1431884.058,"Starter"
"36","Derrick White","PG","SAS",24,67,55,1728,260,543,0.479,48,142,0.338,212,401,0.529,0.523,95,123,0.772,35,212,247,263,67,47,97,145,663,0.821,2.711,283,28,13.119,25.791,0.522,3.164,3.687,3.925,1,0.701,1.448,9.896,1667160,127075.904,168476.199,"Starter"
"37","Devin Booker","SG","PHO",22,64,64,2242,586,1255,0.467,135,414,0.326,451,841,0.536,0.521,393,454,0.866,39,226,265,433,56,13,264,200,1700,1,1.64,669,61,23.016,35.031,0.609,3.531,4.141,6.766,0.875,0.203,4.125,26.562,3314365,144004.997,124776.094,"Starter"
"38","Dewayne Dedmon","C","ATL",29,64,52,1609,259,526,0.492,83,217,0.382,176,309,0.57,0.571,92,113,0.814,105,375,480,90,69,71,84,214,693,0.812,1.071,267,21,16.109,25.141,1.641,5.859,7.5,1.406,1.078,1.109,1.312,10.828,6300000,391076.625,581818.182,"Starter"
"39","DJ Augustin","PG","ORL",31,81,81,2269,318,677,0.47,131,311,0.421,187,366,0.511,0.566,181,209,0.866,41,162,203,426,52,4,128,115,948,1,3.328,359,28,13.802,28.012,0.506,2,2.506,5.259,0.642,0.049,1.58,11.704,7250000,525268.336,619462.025,"Starter"
"40","Donovan Mitchell","SG","UTA",22,77,77,2598,661,1530,0.432,188,519,0.362,473,1011,0.468,0.493,319,396,0.806,59,257,316,322,106,31,218,208,1829,1,1.477,869,77,18.701,33.74,0.766,3.338,4.104,4.182,1.377,0.403,2.831,23.753,3111480,166377.75,130991.777,"Starter"
"41","Draymond Green","PF","GSW",28,66,66,2065,188,422,0.445,47,165,0.285,141,257,0.549,0.501,63,91,0.692,60,421,481,454,95,70,169,197,486,1,2.686,234,28,17.5,31.288,0.909,6.379,7.288,6.879,1.439,1.061,2.561,7.364,17469565,998260.857,2372410.062,"Starter"
"42","Dwight Howard","C","WAS",33,9,9,230,43,69,0.623,0,0,NA,43,69,0.623,0.623,29,48,0.604,24,59,83,4,7,4,16,34,115,1,0.25,26,19,16.889,25.556,2.667,6.556,9.222,0.444,0.778,0.444,1.778,12.778,24256725,1436253.454,1898352.391,"Starter"
"43","Elfrid Payton","PG","NOP",24,42,42,1250,179,412,0.434,33,105,0.314,146,307,0.476,0.475,55,74,0.743,49,171,220,320,44,17,112,81,446,1,2.857,233,19,16.262,29.762,1.167,4.071,5.238,7.619,1.048,0.405,2.667,10.619,3e+06,184480.234,282511.211,"Starter"
"44","Emmanuel Mudiay","PG","NYK",22,59,42,1607,330,740,0.446,69,210,0.329,261,530,0.492,0.493,144,186,0.774,33,163,196,228,43,19,140,103,873,0.712,1.629,410,42,13,27.237,0.559,2.763,3.322,3.864,0.729,0.322,2.373,14.797,4294479,330344.538,290233.976,"Starter"
"45","Eric Bledsoe","PG","MIL",29,78,78,2272,470,971,0.484,124,377,0.329,346,594,0.582,0.548,177,236,0.75,82,280,362,430,116,29,165,156,1241,1,2.606,501,59,18.628,29.128,1.051,3.59,4.641,5.513,1.487,0.372,2.115,15.91,1.5e+07,805230.557,942788.074,"Starter"
"46","Eric Gordon","SG","HOU",30,68,53,2158,384,938,0.409,216,600,0.36,168,338,0.497,0.525,119,152,0.783,17,131,148,129,41,27,90,143,1103,0.779,1.433,554,33,11.338,31.735,0.25,1.926,2.176,1.897,0.603,0.397,1.324,16.221,13500375,1190694.553,832298.731,"Starter"
"47","Evan Fournier","SG","ORL",26,81,81,2553,468,1069,0.438,153,450,0.34,315,619,0.509,0.509,137,170,0.806,38,220,258,295,71,12,154,225,1226,1,1.916,601,33,13.259,31.519,0.469,2.716,3.185,3.642,0.877,0.148,1.901,15.136,1.7e+07,1282122.905,1123164.763,"Starter"
"48","Garrett Temple","SG_SG","LAC_MEM",32,75,55,2040,208,493,0.825,90,264,0.648,118,229,1.02,0.997,80,107,1.492,28,188,216,106,76,30,70,204,586,0.733,1.514,285,27,8.427,27.2,0.373,2.507,2.88,1.413,1.013,0.4,0.933,7.813,8e+06,949367.089,1023890.785,"Starter"
"49","Gary Harris","SG","DEN",24,57,48,1639,270,637,0.424,82,242,0.339,188,395,0.476,0.488,115,144,0.799,41,119,160,127,55,19,68,113,737,0.842,1.868,367,29,11.123,28.754,0.719,2.088,2.807,2.228,0.965,0.333,1.193,12.93,16517857,1485043.926,1277500.474,"Starter"
"50","Giannis Antetokounmpo","PF","MIL",24,72,72,2358,721,1247,0.578,52,203,0.256,669,1044,0.641,0.599,500,686,0.729,159,739,898,424,92,110,268,232,1994,1,1.582,526,186,35.25,32.75,2.208,10.264,12.472,5.889,1.278,1.528,3.722,27.694,24157304,685313.589,872279.783,"Starter"
"51","Harrison Barnes","SF_PF","SAC_DAL",26,77,77,2533,431,1027,0.859,174,441,0.797,257,586,0.905,1.029,229,278,1.633,57,304,361,115,50,13,98,122,1265,1,1.173,596,49,13.779,32.896,0.74,3.948,4.688,1.494,0.649,0.169,1.273,16.429,24107258,1749537.103,1467398.313,"Starter"
"52","Hassan Whiteside","C","MIA",29,72,53,1674,388,680,0.571,2,16,0.125,386,664,0.581,0.572,109,243,0.449,257,560,817,56,46,136,97,192,887,0.736,0.577,292,134,19.708,23.25,3.569,7.778,11.347,0.778,0.639,1.889,1.347,12.319,24434262,1239793.421,1983389.926,"Starter"
"53","Jamal Murray","PG","DEN",21,75,74,2447,513,1173,0.437,152,414,0.367,361,759,0.476,0.502,189,223,0.848,65,252,317,363,67,27,158,153,1367,0.987,2.297,660,34,17.187,32.627,0.867,3.36,4.227,4.84,0.893,0.36,2.107,18.227,3499800,203634.6,192015.362,"Starter"
"54","James Harden","PG","HOU",29,78,78,2867,843,1909,0.442,378,1028,0.368,465,881,0.528,0.541,754,858,0.879,66,452,518,586,158,58,387,244,2818,1,1.514,1066,104,33.09,36.756,0.846,5.795,6.641,7.513,2.026,0.744,4.962,36.128,30570000,923851.22,846153.3,"Starter"
"55","Jaren Jackson","PF","MEM",19,58,56,1515,298,589,0.506,51,142,0.359,247,447,0.553,0.549,151,197,0.766,73,199,272,64,52,82,98,220,798,0.966,0.653,291,46,14.362,26.121,1.259,3.431,4.69,1.103,0.897,1.414,1.69,13.759,5922720,412386.267,430473.383,"Starter"
"56","Jarrett Allen","C","BRK",20,80,80,2096,335,568,0.59,6,45,0.133,329,523,0.629,0.595,197,278,0.709,191,481,672,110,43,120,103,184,873,1,1.068,233,81,17.512,26.2,2.388,6.013,8.4,1.375,0.537,1.5,1.288,10.912,2034120,116152.463,186402.749,"Starter"
"57","JaVale McGee","C","LAL",31,75,62,1671,400,641,0.624,1,12,0.083,399,629,0.634,0.625,96,152,0.632,195,371,566,52,47,148,108,208,897,0.827,0.481,241,56,17.4,22.28,2.6,4.947,7.547,0.693,0.627,1.973,1.44,11.96,2393887,137579.713,200157.776,"Starter"
"58","Jayson Tatum","SF","BOS",20,79,79,2455,466,1036,0.45,116,311,0.373,350,725,0.483,0.506,195,228,0.855,70,407,477,168,84,57,122,168,1243,1,1.377,570,33,16.506,31.076,0.886,5.152,6.038,2.127,1.063,0.722,1.544,15.734,6700800,405953.374,425875.463,"Starter"
"59","Jeff Teague","PG","MIN",30,42,41,1264,176,416,0.423,35,105,0.333,141,311,0.453,0.465,123,153,0.804,16,90,106,343,43,18,97,90,510,0.976,3.536,240,30,15.548,30.095,0.381,2.143,2.524,8.167,1.024,0.429,2.31,12.143,1.9e+07,1222052.067,1564705.882,"Starter"
"60","Jerami Grant","PF","OKC",24,80,77,2612,409,823,0.497,115,293,0.392,294,530,0.555,0.567,157,221,0.71,96,321,417,79,61,100,67,214,1090,0.963,1.179,414,64,15.025,32.65,1.2,4.013,5.213,0.988,0.762,1.25,0.838,13.625,8333333,554631.148,611620.771,"Starter"
"61","Jimmy Butler","SG_SF","MIN_PHI",29,65,65,2185,418,904,0.932,67,193,0.716,351,711,1,1.019,312,365,1.655,121,221,342,263,123,39,95,111,1215,1,2.768,486,53,20.738,33.615,1.862,3.4,5.262,4.046,1.892,0.6,1.462,18.692,19841627,956755.011,1061486.218,"Starter"
"62","JJ Redick","SG","PHI",34,76,63,2379,452,1027,0.44,240,605,0.397,212,422,0.502,0.557,228,255,0.894,20,166,186,206,32,17,101,129,1372,0.829,2.04,575,27,14.605,31.303,0.263,2.184,2.447,2.711,0.421,0.224,1.329,18.053,12250000,838738.739,678571.429,"Starter"
"63","Joe Harris","SG","BRK",27,76,76,2293,374,748,0.5,183,386,0.474,191,362,0.528,0.622,110,133,0.827,52,239,291,181,38,17,121,182,1041,1,1.496,374,23,13.816,30.171,0.684,3.145,3.829,2.382,0.5,0.224,1.592,13.697,8333333,603174.579,608389.345,"Starter"
"64","Joe Ingles","PF","UTA",31,82,82,2568,359,802,0.448,189,483,0.391,170,319,0.533,0.565,87,123,0.707,35,295,330,469,98,20,193,180,994,1,2.43,443,36,15.11,31.317,0.427,3.598,4.024,5.72,1.195,0.244,2.354,12.122,12545455,830288.386,1034936.932,"Starter"
"65","Joel Embiid","C","PHI",24,64,64,2154,580,1199,0.484,79,263,0.3,501,936,0.535,0.517,522,649,0.804,160,711,871,234,46,122,226,211,1761,1,1.035,619,127,32.219,33.656,2.5,11.109,13.609,3.656,0.719,1.906,3.531,27.516,25467250,790448.109,925555.934,"Starter"
"66","John Collins","PF","ATL",21,61,59,1829,465,831,0.56,55,158,0.348,410,673,0.609,0.593,203,266,0.763,219,376,595,121,22,39,120,199,1188,0.967,1.008,366,63,23.213,29.984,3.59,6.164,9.754,1.984,0.361,0.639,1.967,19.475,2299080,99042.288,118050.404,"Starter"
"67","John Wall","PG","WAS",28,32,32,1104,245,552,0.444,51,169,0.302,194,383,0.507,0.49,122,175,0.697,15,101,116,279,49,29,121,71,663,1,2.306,307,53,20.469,34.5,0.469,3.156,3.625,8.719,1.531,0.906,3.781,20.719,19169800,936539.847,925239.216,"Starter"
"68","Jonathan Isaac","PF","ORL",21,75,64,1996,262,611,0.429,86,266,0.323,176,345,0.51,0.499,110,135,0.815,99,312,411,80,59,98,75,143,720,0.853,1.067,349,25,12.253,26.613,1.32,4.16,5.48,1.067,0.787,1.307,1,9.6,4969080,405528.836,517612.5,"Starter"
"69","Josh Okogie","SG","MIN",20,74,52,1757,196,508,0.386,60,215,0.279,136,293,0.464,0.445,118,162,0.728,41,177,218,91,88,33,63,166,570,0.703,1.444,312,44,7.851,23.743,0.554,2.392,2.946,1.23,1.189,0.446,0.851,7.703,2163600,275570.396,280888.421,"Starter"
"70","Josh Richardson","SG","MIA",25,73,73,2539,423,1026,0.412,164,460,0.357,259,566,0.458,0.492,199,231,0.861,54,209,263,298,79,34,113,200,1209,1,2.637,603,32,15.548,34.781,0.74,2.863,3.603,4.082,1.082,0.466,1.548,16.562,9367200,602471.894,565596.03,"Starter"
"71","Jrue Holiday","SG","NOP",28,67,67,2402,547,1159,0.472,118,363,0.325,429,796,0.539,0.523,208,271,0.768,75,259,334,518,109,54,210,148,1420,1,2.467,612,63,23.134,35.851,1.119,3.866,4.985,7.731,1.627,0.806,3.134,21.194,26641111,1151583.508,1257010.167,"Starter"
"72","Justin Holiday","SG_SG","MEM_CHI",29,82,77,2607,300,777,0.772,162,465,0.692,138,312,0.882,0.98,95,106,1.791,46,277,323,146,121,36,104,164,857,0.939,1.404,477,11,10.866,31.793,0.561,3.378,3.939,1.78,1.476,0.439,1.268,10.451,4500000,414141.414,430571.762,"Starter"
"73","Justise Winslow","SF","MIA",22,66,52,1959,324,749,0.433,96,256,0.375,228,493,0.462,0.497,86,137,0.628,63,292,355,282,72,19,142,177,830,0.788,1.986,425,51,14.242,29.682,0.955,4.424,5.379,4.273,1.091,0.288,2.152,12.576,3448926,242158.634,274251.947,"Starter"
"74","Jusuf Nurkic","C","POR",24,72,72,1974,420,826,0.508,3,29,0.103,417,797,0.523,0.51,282,365,0.773,243,505,748,233,71,103,168,250,1125,1,1.387,406,83,22.542,27.417,3.375,7.014,10.389,3.236,0.986,1.431,2.333,15.625,11111111,492914.351,711111.104,"Starter"
"75","Karl-Anthony Towns","C","MIN",23,77,77,2545,681,1314,0.518,142,355,0.4,539,959,0.562,0.572,376,450,0.836,263,691,954,259,67,125,240,292,1880,1,1.079,633,74,30.364,33.052,3.416,8.974,12.39,3.364,0.87,1.623,3.117,24.416,7839435,258184.985,321083.242,"Starter"
"76","Kawhi Leonard","SF","TOR",27,60,60,2040,560,1129,0.496,112,302,0.371,448,827,0.542,0.546,364,426,0.854,78,361,439,199,106,24,121,87,1596,1,1.645,569,62,26.867,34,1.3,6.017,7.317,3.317,1.767,0.4,2.017,26.6,23114066,860325.037,868949.85,"Starter"
"77","Kemba Walker","PG","CHO",28,82,82,2863,731,1684,0.434,260,731,0.356,471,953,0.494,0.511,380,450,0.844,52,309,361,484,102,34,211,131,2102,1,2.294,953,70,22.549,34.915,0.634,3.768,4.402,5.902,1.244,0.415,2.573,25.634,1.2e+07,532179.557,468125.595,"Starter"
"78","Kevin Durant","SF","GSW",30,78,78,2702,721,1383,0.521,137,388,0.353,584,995,0.587,0.571,448,506,0.885,33,464,497,457,58,84,225,155,2027,1,2.031,662,58,27.923,34.641,0.423,5.949,6.372,5.859,0.744,1.077,2.885,25.987,3e+07,1074380.165,1154415.392,"Starter"
"79","Kevin Huerter","SG","ATL",20,75,59,2048,275,657,0.419,136,353,0.385,139,304,0.457,0.522,41,56,0.732,60,185,245,214,65,25,109,155,727,0.787,1.963,382,15,10.267,27.307,0.8,2.467,3.267,2.853,0.867,0.333,1.453,9.693,2250960,219249.351,232217.331,"Starter"
"80","Kevin Knox","PF","NYK",19,75,57,2158,338,914,0.37,125,364,0.343,213,550,0.387,0.438,162,226,0.717,61,274,335,82,43,24,114,175,963,0.76,0.719,576,64,9.24,28.773,0.813,3.653,4.467,1.093,0.573,0.32,1.52,12.84,3744840,405285.714,291654.206,"Starter"
"81","Kevin Love","PF","CLE",30,22,21,598,109,283,0.385,53,147,0.361,56,136,0.412,0.479,103,114,0.904,33,206,239,48,6,5,42,54,374,0.955,1.143,174,11,20.227,27.182,1.5,9.364,10.864,2.182,0.273,0.227,1.909,17,24119025,1192401.236,1418766.176,"Starter"
"82","Khris Middleton","SF","MIL",27,77,77,2393,506,1148,0.441,179,474,0.378,327,674,0.485,0.519,216,258,0.837,50,411,461,331,80,7,174,172,1407,1,1.902,642,42,18.545,31.078,0.649,5.338,5.987,4.299,1.039,0.091,2.26,18.273,1.3e+07,700980.392,711442.786,"Starter"
"83","Klay Thompson","SG","GSW",28,78,78,2652,655,1402,0.467,241,599,0.402,414,803,0.516,0.553,129,158,0.816,37,262,299,186,84,47,115,157,1680,1,1.617,747,29,18.013,34,0.474,3.359,3.833,2.385,1.077,0.603,1.474,21.538,18988725,1054178.327,881619.375,"Starter"
"84","Kris Dunn","PG","CHI",24,46,44,1389,215,506,0.425,34,96,0.354,181,410,0.441,0.458,55,69,0.797,19,168,187,277,68,21,104,166,519,0.957,2.663,291,14,14.413,30.196,0.413,3.652,4.065,6.022,1.478,0.457,2.261,11.283,4221000,292859.729,374115.607,"Starter"
"85","Kyle Anderson","SF","MEM",25,43,40,1281,150,276,0.543,9,34,0.265,141,242,0.583,0.56,37,64,0.578,48,203,251,128,54,37,58,112,346,0.93,2.207,126,27,14.07,29.791,1.116,4.721,5.837,2.977,1.256,0.86,1.349,8.047,8641000,614153.719,1073881.503,"Starter"
"86","Kyle Kuzma","PF","LAL",23,70,68,2314,496,1087,0.456,128,422,0.303,368,665,0.553,0.515,188,250,0.752,60,322,382,178,41,26,133,170,1308,0.971,1.338,591,62,16.414,33.057,0.857,4.6,5.457,2.543,0.586,0.371,1.9,18.686,1689840,102949.347,90434.862,"Starter"
"87","Kyle Lowry","PG","TOR",32,65,65,2213,304,739,0.411,157,453,0.347,147,286,0.514,0.518,161,194,0.83,41,271,312,564,91,31,182,166,926,1,3.099,435,33,19.6,34.046,0.631,4.169,4.8,8.677,1.4,0.477,2.8,14.246,32700000,1668367.347,2295356.371,"Starter"
"88","Kyrie Irving","PG","BOS",26,67,67,2214,604,1241,0.487,174,434,0.401,430,807,0.533,0.557,214,245,0.873,71,264,335,464,103,34,172,167,1596,1,2.698,637,31,25.254,33.045,1.06,3.94,5,6.925,1.537,0.507,2.567,23.821,20099189,795889.872,843762.947,"Starter"
"89","LaMarcus Aldridge","C","SAS",33,81,81,2687,684,1319,0.519,10,42,0.238,674,1277,0.528,0.522,349,412,0.847,251,493,744,194,43,107,144,179,1727,1,1.347,635,63,24.358,33.173,3.099,6.086,9.185,2.395,0.531,1.321,1.778,21.321,22347015,917439.541,1048122.881,"Starter"
"90","Lauri Markkanen","PF","CHI",21,52,51,1682,342,795,0.43,120,332,0.361,222,463,0.479,0.506,170,195,0.872,74,396,470,75,37,33,85,122,974,0.981,0.882,453,25,19.731,32.346,1.423,7.615,9.038,1.442,0.712,0.635,1.635,18.731,4536120,229900.819,242174.784,"Starter"
"91","LeBron James","SF","LAL",34,55,55,1937,558,1095,0.51,111,327,0.339,447,768,0.582,0.56,278,418,0.665,57,408,465,454,72,33,197,94,1505,1,2.305,537,140,30.091,35.218,1.036,7.418,8.455,8.255,1.309,0.6,3.582,27.364,35654150,1184881.118,1302975.581,"Starter"
"92","Lonzo Ball","PG","LAL",21,47,45,1423,185,456,0.406,75,228,0.329,110,228,0.482,0.488,20,48,0.417,54,197,251,255,69,19,103,114,465,0.957,2.476,271,28,13.979,30.277,1.149,4.191,5.34,5.426,1.468,0.404,2.191,9.894,7461960,533808.402,754219.613,"Starter"
"93","Luka Doncic","SG","DAL",19,72,72,2318,506,1186,0.427,168,514,0.327,338,672,0.503,0.497,346,485,0.713,86,477,563,429,77,25,247,137,1526,1,1.737,680,139,21.583,32.194,1.194,6.625,7.819,5.958,1.069,0.347,3.431,21.194,6569040,304357.066,309941.599,"Starter"
"94","Malcolm Brogdon","SG","MIL",26,64,64,1832,378,748,0.505,104,244,0.426,274,504,0.544,0.575,141,152,0.928,65,223,288,205,46,13,91,102,1001,1,2.253,370,11,16.891,28.625,1.016,3.484,4.5,3.203,0.719,0.203,1.422,15.641,1544951,91467.959,98778.086,"Starter"
"95","Marc Gasol","C_C","TOR_MEM",34,79,72,2436,390,870,0.909,99,273,0.786,291,597,0.965,1.026,192,253,1.525,80,547,627,349,84,86,155,217,1071,0.911,2.252,480,61,19.253,30.835,1.013,6.924,7.937,4.418,1.063,1.089,1.962,13.557,24119025,1252730.424,1779087.745,"Starter"
"96","Marcin Gortat","C","LAC",34,47,43,751,99,186,0.532,0,0,NA,99,186,0.532,0.532,35,48,0.729,67,194,261,65,6,24,50,92,233,0.915,1.3,87,13,9.34,15.979,1.426,4.128,5.553,1.383,0.128,0.511,1.064,4.957,13565218,1452312.633,2736331.528,"Starter"
"97","Marcus Morris","PF","BOS",29,75,53,2091,377,844,0.447,146,389,0.375,231,455,0.508,0.533,146,173,0.844,76,382,458,109,43,25,92,181,1046,0.707,1.185,467,27,14.6,27.88,1.013,5.093,6.107,1.453,0.573,0.333,1.227,13.947,5375000,368150.685,385396.75,"Starter"
"98","Marcus Smart","SG","BOS",24,80,60,2200,239,567,0.422,126,346,0.364,113,221,0.511,0.533,104,129,0.806,57,177,234,321,143,28,123,201,708,0.75,2.61,328,25,11.975,27.5,0.713,2.212,2.925,4.013,1.788,0.35,1.538,8.85,11160716,932001.336,1261097.853,"Starter"
"99","Markelle Fultz","SG","PHI",20,19,15,427,65,155,0.419,4,14,0.286,61,141,0.433,0.432,21,37,0.568,26,44,70,59,17,5,25,52,155,0.789,2.36,90,16,9.211,22.474,1.368,2.316,3.684,3.105,0.895,0.263,1.316,8.158,8339880,905472.686,1022307.871,"Starter"
"100","Marvin Williams","PF","CHO",32,75,75,2133,275,652,0.422,140,382,0.366,135,270,0.5,0.529,66,86,0.767,76,331,407,92,71,61,47,156,756,1,1.957,377,20,12.573,28.44,1.013,4.413,5.427,1.227,0.947,0.813,0.627,10.08,14087500,1120426.829,1397569.444,"Starter"
"101","Mike Conley","PG","MEM",31,70,70,2342,490,1120,0.438,155,426,0.364,335,694,0.483,0.507,343,406,0.845,40,199,239,449,94,22,130,123,1478,1,3.454,630,63,20.843,33.457,0.571,2.843,3.414,6.414,1.343,0.314,1.857,21.114,30521115,1464344.106,1445519.655,"Starter"
"102","Myles Turner","C","IND",22,74,74,2119,380,780,0.487,76,196,0.388,304,584,0.521,0.536,148,201,0.736,101,430,531,115,60,199,100,195,984,1,1.15,400,53,18.054,28.635,1.365,5.811,7.176,1.554,0.811,2.689,1.351,13.297,3294994,182507.153,247794.264,"Starter"
"103","Nemanja Bjelica","PF","SAC",30,77,70,1788,284,593,0.479,103,257,0.401,181,336,0.539,0.566,70,92,0.761,125,319,444,147,54,56,82,197,741,0.909,1.793,309,22,13.364,23.221,1.623,4.143,5.766,1.909,0.701,0.727,1.065,9.623,6500000,486394.558,675438.596,"Starter"
"104","Nicolas Batum","SF","CHO",30,75,72,2354,253,562,0.45,116,298,0.389,137,264,0.519,0.553,77,89,0.865,71,319,390,247,71,43,117,140,699,0.96,2.111,309,12,13.493,31.387,0.947,4.253,5.2,3.293,0.947,0.573,1.56,9.32,2.4e+07,1778656.126,2575107.296,"Starter"
"105","Nikola Jokic","C","DEN",23,80,80,2504,616,1206,0.511,83,270,0.307,533,936,0.569,0.545,289,352,0.821,228,637,865,580,108,55,248,228,1604,1,2.339,590,63,28.887,31.3,2.85,7.963,10.812,7.25,1.35,0.688,3.1,20.05,25467250,881601.039,1270187.032,"Starter"
"106","Nikola Vucevic","C","ORL",28,80,80,2510,701,1354,0.518,84,231,0.364,617,1123,0.549,0.549,179,227,0.789,224,736,960,307,81,89,159,157,1665,1,1.931,653,48,28.025,31.375,2.8,9.2,12,3.837,1.012,1.112,1.988,20.812,12750000,454950.937,612612.613,"Starter"
"107","Noah Vonleh","PF","NYK",23,68,57,1722,207,440,0.47,46,137,0.336,161,303,0.531,0.523,111,156,0.712,113,415,528,129,46,51,88,174,571,0.838,1.466,233,45,14.103,25.324,1.662,6.103,7.765,1.897,0.676,0.75,1.294,8.397,1621415,114969.99,193093.205,"Starter"
"108","Otto Porter","SF_SF","CHI_WAS",25,56,43,1683,299,643,0.94,104,256,0.857,195,387,0.994,1.111,78,96,1.672,54,260,314,120,82,31,65,108,780,0.768,1.846,344,18,16.071,30.054,0.964,4.643,5.607,2.143,1.464,0.554,1.161,13.929,26011913,1618519.031,1867521.959,"Starter"
"109","Pascal Siakam","PF","TOR",24,80,79,2548,519,945,0.549,79,214,0.369,440,731,0.602,0.591,237,302,0.785,124,425,549,248,73,52,154,241,1354,0.988,1.61,426,65,20.387,31.85,1.55,5.312,6.862,3.1,0.912,0.65,1.925,16.925,1544951,75779.326,91282.186,"Starter"
"110","Paul George","SF","OKC",28,77,77,2841,707,1614,0.438,292,757,0.386,415,857,0.484,0.529,453,540,0.839,105,523,628,318,170,34,205,214,2159,1,1.551,907,87,27.403,36.896,1.364,6.792,8.156,4.13,2.208,0.442,2.662,28.039,30560700,1115248.294,1089936.962,"Starter"
"111","Paul Millsap","PF","DEN",33,70,65,1895,322,665,0.484,58,159,0.365,264,506,0.522,0.528,181,249,0.727,153,352,505,141,83,54,95,183,883,0.929,1.484,343,68,16.571,27.071,2.186,5.029,7.214,2.014,1.186,0.771,1.357,12.614,29230769,1763925.716,2317275.006,"Starter"
"112","PJ Tucker","PF","HOU",33,82,82,2802,207,523,0.396,146,387,0.377,61,136,0.449,0.535,41,59,0.695,121,358,479,96,132,39,63,252,601,1,1.524,316,18,11.585,34.171,1.476,4.366,5.841,1.171,1.61,0.476,0.768,7.329,7959537,687033.72,1085993.401,"Starter"
"113","Reggie Bullock","SG_SG","LAL_DET",27,63,60,1879,245,594,0.825,148,393,0.731,97,201,1,1.065,73,85,1.685,22,151,173,129,40,12,65,109,711,0.952,1.985,349,12,10.143,29.825,0.349,2.397,2.746,2.048,0.635,0.19,1.032,11.286,2500000,246478.873,221518.987,"Starter"
"114","Reggie Jackson","PG","DET",28,82,82,2289,441,1047,0.421,174,471,0.369,267,576,0.464,0.504,204,236,0.864,45,171,216,344,55,9,148,208,1260,1,2.324,606,32,13.39,27.915,0.549,2.085,2.634,4.195,0.671,0.11,1.805,15.366,17043478,1272828.047,1109178.727,"Starter"
"115","Ricky Rubio","PG","UTA",28,68,67,1899,295,730,0.404,79,254,0.311,216,476,0.454,0.458,195,228,0.855,33,210,243,416,91,10,180,180,864,0.985,2.311,435,33,14.353,27.926,0.485,3.088,3.574,6.118,1.338,0.147,2.647,12.706,14800000,1031147.541,1164814.815,"Starter"
"116","Robert Covington","SF_SF","PHI_MIN",28,35,35,1203,156,362,0.86,85,225,0.762,71,137,1.026,1.101,68,89,1.512,28,165,193,46,74,47,47,126,465,1,0.979,206,21,15.743,34.371,0.8,4.714,5.514,1.314,2.114,1.343,1.343,13.286,10464092,664688.24,787619.828,"Starter"
"117","Rodions Kurucs","SF","BRK",20,63,46,1294,202,449,0.45,58,184,0.315,144,265,0.543,0.514,72,92,0.783,56,190,246,52,41,25,77,146,534,0.73,0.675,247,20,8.794,20.54,0.889,3.016,3.905,0.825,0.651,0.397,1.222,8.476,1690000,192184.116,199382.022,"Starter"
"118","Rudy Gay","PF","SAS",32,69,51,1842,376,746,0.504,74,184,0.402,302,562,0.537,0.554,120,147,0.816,63,407,470,182,54,34,114,159,946,0.739,1.596,370,27,17.029,26.696,0.913,5.899,6.812,2.638,0.783,0.493,1.652,13.71,10087200,592354.723,735747.146,"Starter"
"119","Rudy Gobert","C","UTA",26,81,80,2577,476,712,0.669,0,0,NA,476,712,0.669,0.669,332,522,0.636,309,732,1041,161,66,187,130,231,1284,0.988,1.238,236,190,26.951,31.815,3.815,9.037,12.852,1.988,0.815,2.309,1.605,15.852,23491573,871652.503,1481945.026,"Starter"
"120","Russell Westbrook","PG","OKC",30,73,73,2630,630,1473,0.428,119,411,0.29,511,1062,0.481,0.468,296,451,0.656,109,698,807,784,142,33,325,245,1675,1,2.412,843,155,29.014,36.027,1.493,9.562,11.055,10.74,1.945,0.452,4.452,22.945,35665000,1229246.931,1554355.224,"Starter"
"121","Shai Gilgeous-Alexander","PG","LAC",20,82,73,2174,341,716,0.476,51,139,0.367,290,577,0.503,0.512,156,195,0.8,57,175,232,270,96,45,141,175,889,0.89,1.915,375,39,11.915,26.512,0.695,2.134,2.829,3.293,1.171,0.549,1.72,10.841,3375360,283295.312,311338.043,"Starter"
"122","Stephen Curry","PG","GSW",30,69,69,2331,632,1340,0.472,354,810,0.437,278,530,0.525,0.604,263,287,0.916,45,324,369,361,92,25,192,166,1881,1,1.88,708,24,26.145,33.783,0.652,4.696,5.348,5.232,1.333,0.362,2.783,27.261,37457154,1432673.85,1374026.383,"Starter"
"123","Steven Adams","C","OKC",25,80,80,2669,481,809,0.595,0,2,0,481,807,0.596,0.595,146,292,0.5,391,369,760,124,117,76,135,204,1108,1,0.919,328,146,19.7,33.362,4.888,4.612,9.5,1.55,1.462,0.95,1.688,13.85,24157304,1226259.086,1744209.675,"Starter"
"124","Taj Gibson","PF","MIN",33,70,57,1686,304,537,0.566,11,34,0.324,293,503,0.583,0.576,134,177,0.757,172,286,458,84,53,39,73,186,753,0.814,1.151,233,43,14.829,24.086,2.457,4.086,6.543,1.2,0.757,0.557,1.043,10.757,1.4e+07,944123.314,1301460.823,"Starter"
"125","Terrance Ferguson","SG","OKC",20,74,74,1931,185,431,0.429,106,290,0.366,79,141,0.56,0.552,37,51,0.725,33,108,141,72,40,16,47,231,513,1,1.532,246,14,6.419,26.095,0.446,1.459,1.905,0.973,0.541,0.216,0.635,6.932,2118840,330092.968,305641.637,"Starter"
"126","Thaddeus Young","PF","IND",30,81,81,2489,443,841,0.527,51,146,0.349,392,695,0.564,0.557,87,135,0.644,192,331,523,204,123,36,123,194,1024,1,1.659,398,48,16.556,30.728,2.37,4.086,6.457,2.519,1.519,0.444,1.519,12.642,13764045,831385.268,1088757.466,"Starter"
"127","Thomas Bryant","C","WAS",21,72,53,1496,309,502,0.616,33,99,0.333,276,403,0.685,0.648,107,137,0.781,113,341,454,92,25,67,60,126,758,0.736,1.533,193,30,15.458,20.778,1.569,4.736,6.306,1.278,0.347,0.931,0.833,10.528,1378242,89158.512,130914.807,"Starter"
"128","Tim Hardaway","SG_SG","DAL_NYK",26,65,63,2057,390,993,0.792,162,477,0.668,228,516,0.92,0.958,232,276,1.621,33,189,222,159,54,8,105,141,1174,0.969,1.514,603,44,13.308,31.646,0.508,2.908,3.415,2.446,0.831,0.123,1.615,18.062,17325000,1301878.613,959220.613,"Starter"
"129","TJ Warren","SF","PHO",25,43,36,1360,297,611,0.486,77,180,0.428,220,431,0.51,0.549,101,124,0.815,31,143,174,64,51,29,52,119,772,0.837,1.231,314,23,16.302,31.628,0.721,3.326,4.047,1.488,1.186,0.674,1.209,17.953,11750000,720756.063,654468.912,"Starter"
"130","Tobias Harris","PF_PF","PHI_LAC",26,82,82,2847,611,1254,0.965,156,393,0.76,455,861,1.065,1.085,266,307,1.718,69,576,645,229,51,37,151,184,1644,1,1.517,643,41,21.598,34.72,0.841,7.024,7.866,2.793,0.622,0.451,1.841,20.049,14800000,685262.564,738199.513,"Starter"
"131","Trae Young","PG","ATL",20,81,81,2503,525,1256,0.418,156,482,0.324,369,774,0.477,0.48,343,414,0.829,64,237,301,653,72,15,308,140,1549,1,2.12,731,71,18.272,30.901,0.79,2.926,3.716,8.062,0.889,0.185,3.802,19.123,5363280,293530.865,280455.571,"Starter"
"132","Trevor Ariza","SF_SF","PHO_WAS",33,69,69,2349,294,736,0.788,145,434,0.682,149,302,0.937,0.991,130,164,1.614,50,321,371,252,91,21,106,130,863,1,2.377,442,34,14.725,34.043,0.725,4.652,5.377,3.652,1.319,0.304,1.536,12.507,1.5e+07,1018700.787,1199304.751,"Starter"
"133","Tristan Thompson","C","CLE",27,43,40,1198,201,380,0.529,0,0,NA,201,380,0.529,0.529,68,106,0.642,173,265,438,86,28,16,59,89,470,0.93,1.458,179,38,17.721,27.86,4.023,6.163,10.186,2,0.651,0.372,1.372,10.93,17469565,985815.348,1598279.351,"Starter"
"134","Victor Oladipo","SG","IND",26,36,36,1147,249,588,0.423,74,216,0.343,175,372,0.47,0.486,103,141,0.73,21,181,202,186,60,11,82,72,675,1,2.268,339,38,18.75,31.861,0.583,5.028,5.611,5.167,1.667,0.306,2.278,18.75,2.1e+07,1120000,1120000,"Starter"
"135","Wayne Ellington","SG_SG","MIA_DET",31,53,38,1297,184,457,0.796,138,372,0.741,46,85,1.021,1.1,39,49,1.633,14,93,107,72,54,6,40,92,545,0.717,1.8,273,10,8.698,24.472,0.264,1.755,2.019,1.358,1.019,0.113,0.755,10.283,8653076,994822.187,841491.794,"Starter"
"136","Wendell Carter","C","CHI",19,44,44,1110,180,371,0.485,6,32,0.188,174,339,0.513,0.493,89,112,0.795,87,220,307,78,26,58,65,152,455,1,1.2,191,23,14.659,25.227,1.977,5,6.977,1.773,0.591,1.318,1.477,10.341,4446840,303350.326,430024.088,"Starter"
"137","Wesley Matthews","SG_SG_SF","NYK_IND_DAL",32,69,68,2091,279,698,1.011,150,403,0.949,129,295,1.091,1.283,132,163,2.445,32,138,170,160,54,17,91,160,840,0.986,1.758,419,31,10.145,30.304,0.464,2,2.464,2.319,0.783,0.246,1.319,12.174,19360228,1908365.331,1590304.443,"Starter"
"138","Will Barton","SG","DEN",28,43,38,1189,185,460,0.402,67,196,0.342,118,264,0.447,0.475,57,74,0.77,32,167,199,124,18,22,65,82,494,0.884,1.908,275,17,11.628,27.651,0.744,3.884,4.628,2.884,0.419,0.512,1.512,11.488,11830358,1017410.788,1029768.004,"Starter"
"139","Willie Cauley-Stein","C","SAC",25,81,81,2213,412,741,0.556,1,2,0.5,411,739,0.556,0.557,140,254,0.551,181,497,678,194,96,51,84,227,965,1,2.31,329,114,17.988,27.321,2.235,6.136,8.37,2.395,1.185,0.63,1.037,11.914,4696874,261116.537,394245.382,"Starter"
"140","Zach LaVine","SG","CHI",23,63,62,2171,530,1135,0.467,120,321,0.374,410,814,0.504,0.52,312,375,0.832,40,254,294,283,60,26,215,140,1492,0.984,1.316,605,63,20.19,34.46,0.635,4.032,4.667,4.492,0.952,0.413,3.413,23.683,19500000,965801.887,823391.421,"Starter"
